category,url
小说,https://book.douban.com/subject/4913064/
小说,https://book.douban.com/subject/35315153/
小说,https://book.douban.com/subject/35534519/
小说,https://book.douban.com/subject/35482123/
小说,https://book.douban.com/subject/35143790/
小说,https://book.douban.com/subject/35517022/
小说,https://book.douban.com/subject/35005045/
小说,https://book.douban.com/subject/26362836/
小说,https://book.douban.com/subject/27614904/
小说,https://book.douban.com/subject/35335514/
小说,https://book.douban.com/subject/35031587/
小说,https://book.douban.com/subject/35459915/
小说,https://book.douban.com/subject/1322455/
小说,https://book.douban.com/subject/6082808/
小说,https://book.douban.com/subject/35049755/
小说,https://book.douban.com/subject/10554308/
小说,https://book.douban.com/subject/35571598/
小说,https://book.douban.com/subject/1770782/
小说,https://book.douban.com/subject/4820710/
小说,https://book.douban.com/subject/10594787/
小说,https://book.douban.com/subject/35496106/
小说,https://book.douban.com/subject/35094680/
小说,https://book.douban.com/subject/25887924/
小说,https://book.douban.com/subject/2567698/
小说,https://book.douban.com/subject/4908885/
小说,https://book.douban.com/subject/25862578/
小说,https://book.douban.com/subject/1084336/
小说,https://book.douban.com/subject/1007305/
小说,https://book.douban.com/subject/4760224/
小说,https://book.douban.com/subject/35494160/
小说,https://book.douban.com/subject/6518605/
小说,https://book.douban.com/subject/6781808/
小说,https://book.douban.com/subject/3259440/
小说,https://book.douban.com/subject/35539713/
小说,https://book.douban.com/subject/30475767/
小说,https://book.douban.com/subject/26425831/
小说,https://book.douban.com/subject/26954760/
小说,https://book.douban.com/subject/30254298/
小说,https://book.douban.com/subject/35390390/
小说,https://book.douban.com/subject/1200840/
小说,https://book.douban.com/subject/11524204/
小说,https://book.douban.com/subject/26980487/
小说,https://book.douban.com/subject/35271451/
小说,https://book.douban.com/subject/26836970/
小说,https://book.douban.com/subject/3066477/
小说,https://book.douban.com/subject/34998019/
小说,https://book.douban.com/subject/1858513/
小说,https://book.douban.com/subject/6789605/
小说,https://book.douban.com/subject/26877752/
小说,https://book.douban.com/subject/1858568/
小说,https://book.douban.com/subject/35192665/
小说,https://book.douban.com/subject/20421947/
小说,https://book.douban.com/subject/3211779/
小说,https://book.douban.com/subject/35114602/
小说,https://book.douban.com/subject/30142261/
小说,https://book.douban.com/subject/1068920/
小说,https://book.douban.com/subject/2035179/
小说,https://book.douban.com/subject/35430425/
小说,https://book.douban.com/subject/35216559/
小说,https://book.douban.com/subject/35268281/
小说,https://book.douban.com/subject/1008145/
小说,https://book.douban.com/subject/33658616/
小说,https://book.douban.com/subject/35578829/
小说,https://book.douban.com/subject/3633461/
小说,https://book.douban.com/subject/35635464/
小说,https://book.douban.com/subject/27002046/
小说,https://book.douban.com/subject/25897678/
小说,https://book.douban.com/subject/35467795/
小说,https://book.douban.com/subject/2035162/
小说,https://book.douban.com/subject/5363767/
小说,https://book.douban.com/subject/10517238/
小说,https://book.douban.com/subject/10564071/
小说,https://book.douban.com/subject/35608319/
小说,https://book.douban.com/subject/27104286/
小说,https://book.douban.com/subject/35637266/
小说,https://book.douban.com/subject/35653884/
小说,https://book.douban.com/subject/3674537/
小说,https://book.douban.com/subject/35152144/
小说,https://book.douban.com/subject/27170951/
小说,https://book.douban.com/subject/30441551/
小说,https://book.douban.com/subject/35606768/
小说,https://book.douban.com/subject/1449351/
小说,https://book.douban.com/subject/35330057/
小说,https://book.douban.com/subject/28656614/
小说,https://book.douban.com/subject/24257229/
小说,https://book.douban.com/subject/3608208/
小说,https://book.douban.com/subject/35623209/
小说,https://book.douban.com/subject/26864984/
小说,https://book.douban.com/subject/26879778/
小说,https://book.douban.com/subject/1089243/
小说,https://book.douban.com/subject/26878124/
小说,https://book.douban.com/subject/35662837/
小说,https://book.douban.com/subject/35080870/
小说,https://book.douban.com/subject/34990839/
小说,https://book.douban.com/subject/26382433/
小说,https://book.douban.com/subject/30394154/
小说,https://book.douban.com/subject/34799583/
小说,https://book.douban.com/subject/1043815/
小说,https://book.douban.com/subject/1856494/
小说,https://book.douban.com/subject/20441957/
小说,https://book.douban.com/subject/2154960/
小说,https://book.douban.com/subject/35587028/
小说,https://book.douban.com/subject/5337254/
小说,https://book.douban.com/subject/25924253/
小说,https://book.douban.com/subject/35170896/
小说,https://book.douban.com/subject/1057244/
小说,https://book.douban.com/subject/21371175/
小说,https://book.douban.com/subject/1029791/
小说,https://book.douban.com/subject/26672693/
小说,https://book.douban.com/subject/1082162/
小说,https://book.douban.com/subject/35602671/
小说,https://book.douban.com/subject/25796120/
小说,https://book.douban.com/subject/34434309/
小说,https://book.douban.com/subject/27625543/
小说,https://book.douban.com/subject/20428302/
小说,https://book.douban.com/subject/34778574/
小说,https://book.douban.com/subject/24257486/
小说,https://book.douban.com/subject/1254588/
小说,https://book.douban.com/subject/35479662/
小说,https://book.douban.com/subject/26905337/
小说,https://book.douban.com/subject/1054917/
小说,https://book.douban.com/subject/1083428/
小说,https://book.douban.com/subject/30330181/
小说,https://book.douban.com/subject/27200257/
小说,https://book.douban.com/subject/4908879/
小说,https://book.douban.com/subject/30172069/
小说,https://book.douban.com/subject/26923390/
小说,https://book.douban.com/subject/30259153/
小说,https://book.douban.com/subject/1085799/
小说,https://book.douban.com/subject/34949694/
小说,https://book.douban.com/subject/35524699/
小说,https://book.douban.com/subject/26745916/
小说,https://book.douban.com/subject/10560798/
小说,https://book.douban.com/subject/5337248/
小说,https://book.douban.com/subject/27115714/
小说,https://book.douban.com/subject/26340138/
小说,https://book.douban.com/subject/2143732/
小说,https://book.douban.com/subject/25829693/
小说,https://book.douban.com/subject/3183775/
小说,https://book.douban.com/subject/35456856/
小说,https://book.douban.com/subject/1046265/
小说,https://book.douban.com/subject/35272817/
小说,https://book.douban.com/subject/26986954/
小说,https://book.douban.com/subject/10738023/
小说,https://book.douban.com/subject/1019568/
小说,https://book.douban.com/subject/1064275/
小说,https://book.douban.com/subject/25897884/
小说,https://book.douban.com/subject/24748615/
小说,https://book.douban.com/subject/26698660/
小说,https://book.douban.com/subject/27064488/
小说,https://book.douban.com/subject/24382569/
小说,https://book.douban.com/subject/26295448/
小说,https://book.douban.com/subject/35141940/
小说,https://book.douban.com/subject/22714154/
小说,https://book.douban.com/subject/25887933/
小说,https://book.douban.com/subject/27104959/
小说,https://book.douban.com/subject/27029890/
小说,https://book.douban.com/subject/35249410/
小说,https://book.douban.com/subject/1829226/
小说,https://book.douban.com/subject/3803820/
小说,https://book.douban.com/subject/24859822/
小说,https://book.douban.com/subject/1017143/
小说,https://book.douban.com/subject/27204805/
小说,https://book.douban.com/subject/35611194/
小说,https://book.douban.com/subject/26803714/
小说,https://book.douban.com/subject/34813209/
小说,https://book.douban.com/subject/1040211/
小说,https://book.douban.com/subject/30181685/
小说,https://book.douban.com/subject/27097409/
小说,https://book.douban.com/subject/35512889/
小说,https://book.douban.com/subject/1007914/
小说,https://book.douban.com/subject/35519947/
小说,https://book.douban.com/subject/3578470/
小说,https://book.douban.com/subject/35579302/
小说,https://book.douban.com/subject/35481713/
小说,https://book.douban.com/subject/1449348/
小说,https://book.douban.com/subject/25976544/
小说,https://book.douban.com/subject/24736899/
小说,https://book.douban.com/subject/4123116/
小说,https://book.douban.com/subject/10779650/
小说,https://book.douban.com/subject/27608412/
小说,https://book.douban.com/subject/26803179/
小说,https://book.douban.com/subject/26210487/
小说,https://book.douban.com/subject/5988624/
小说,https://book.douban.com/subject/25887912/
小说,https://book.douban.com/subject/35221700/
小说,https://book.douban.com/subject/30237176/
小说,https://book.douban.com/subject/10757938/
小说,https://book.douban.com/subject/3815131/
小说,https://book.douban.com/subject/2053249/
小说,https://book.douban.com/subject/35611125/
小说,https://book.douban.com/subject/35160284/
小说,https://book.douban.com/subject/10555509/
小说,https://book.douban.com/subject/34978587/
小说,https://book.douban.com/subject/26863797/
小说,https://book.douban.com/subject/35572732/
小说,https://book.douban.com/subject/4011670/
小说,https://book.douban.com/subject/34996429/
小说,https://book.douban.com/subject/35541390/
小说,https://book.douban.com/subject/27041533/
小说,https://book.douban.com/subject/1255625/
小说,https://book.douban.com/subject/20392523/
小说,https://book.douban.com/subject/30359030/
小说,https://book.douban.com/subject/26723423/
小说,https://book.douban.com/subject/10757940/
小说,https://book.douban.com/subject/35428114/
小说,https://book.douban.com/subject/1827374/
小说,https://book.douban.com/subject/27013741/
小说,https://book.douban.com/subject/26757680/
小说,https://book.douban.com/subject/25887930/
小说,https://book.douban.com/subject/1578545/
小说,https://book.douban.com/subject/26357614/
小说,https://book.douban.com/subject/35406615/
小说,https://book.douban.com/subject/30362170/
小说,https://book.douban.com/subject/35390395/
小说,https://book.douban.com/subject/35296868/
小说,https://book.douban.com/subject/34466299/
小说,https://book.douban.com/subject/2046909/
小说,https://book.douban.com/subject/35737472/
小说,https://book.douban.com/subject/1041007/
小说,https://book.douban.com/subject/30128204/
小说,https://book.douban.com/subject/1080309/
小说,https://book.douban.com/subject/26389895/
小说,https://book.douban.com/subject/30197854/
小说,https://book.douban.com/subject/30345416/
小说,https://book.douban.com/subject/35005062/
小说,https://book.douban.com/subject/1052990/
小说,https://book.douban.com/subject/34937627/
小说,https://book.douban.com/subject/3006581/
小说,https://book.douban.com/subject/1192090/
小说,https://book.douban.com/subject/2253379/
小说,https://book.douban.com/subject/30331835/
小说,https://book.douban.com/subject/34942789/
小说,https://book.douban.com/subject/35076023/
小说,https://book.douban.com/subject/3131626/
小说,https://book.douban.com/subject/35523114/
小说,https://book.douban.com/subject/2253380/
小说,https://book.douban.com/subject/35600069/
小说,https://book.douban.com/subject/35503551/
小说,https://book.douban.com/subject/27116235/
小说,https://book.douban.com/subject/6953273/
小说,https://book.douban.com/subject/35556905/
小说,https://book.douban.com/subject/35567246/
小说,https://book.douban.com/subject/26639966/
小说,https://book.douban.com/subject/5958737/
小说,https://book.douban.com/subject/2031604/
小说,https://book.douban.com/subject/35268657/
小说,https://book.douban.com/subject/30294357/
小说,https://book.douban.com/subject/27054340/
小说,https://book.douban.com/subject/1400705/
小说,https://book.douban.com/subject/3646172/
小说,https://book.douban.com/subject/35615065/
小说,https://book.douban.com/subject/35157395/
小说,https://book.douban.com/subject/1085860/
小说,https://book.douban.com/subject/34907855/
小说,https://book.douban.com/subject/26912631/
小说,https://book.douban.com/subject/35059158/
小说,https://book.douban.com/subject/6880158/
小说,https://book.douban.com/subject/7163250/
小说,https://book.douban.com/subject/35611305/
小说,https://book.douban.com/subject/6789551/
小说,https://book.douban.com/subject/33401169/
小说,https://book.douban.com/subject/3136271/
小说,https://book.douban.com/subject/10761494/
小说,https://book.douban.com/subject/26899537/
小说,https://book.douban.com/subject/35050614/
小说,https://book.douban.com/subject/2297697/
小说,https://book.douban.com/subject/25897657/
小说,https://book.douban.com/subject/26356948/
小说,https://book.douban.com/subject/35671232/
小说,https://book.douban.com/subject/1088022/
小说,https://book.douban.com/subject/26915894/
小说,https://book.douban.com/subject/35318158/
小说,https://book.douban.com/subject/27192538/
小说,https://book.douban.com/subject/34933180/
小说,https://book.douban.com/subject/26953294/
小说,https://book.douban.com/subject/26853356/
小说,https://book.douban.com/subject/1051193/
小说,https://book.douban.com/subject/25955474/
小说,https://book.douban.com/subject/35286297/
小说,https://book.douban.com/subject/3311253/
小说,https://book.douban.com/subject/35451966/
小说,https://book.douban.com/subject/10555486/
小说,https://book.douban.com/subject/26680113/
小说,https://book.douban.com/subject/35612591/
小说,https://book.douban.com/subject/27115970/
小说,https://book.douban.com/subject/35632137/
小说,https://book.douban.com/subject/26768309/
小说,https://book.douban.com/subject/1080370/
小说,https://book.douban.com/subject/25762009/
小说,https://book.douban.com/subject/35301956/
小说,https://book.douban.com/subject/20376604/
小说,https://book.douban.com/subject/26278687/
小说,https://book.douban.com/subject/1119522/
小说,https://book.douban.com/subject/35479659/
小说,https://book.douban.com/subject/26963321/
小说,https://book.douban.com/subject/35139523/
小说,https://book.douban.com/subject/35016085/
小说,https://book.douban.com/subject/1082334/
小说,https://book.douban.com/subject/27107109/
小说,https://book.douban.com/subject/34451656/
小说,https://book.douban.com/subject/3391248/
小说,https://book.douban.com/subject/6016234/
小说,https://book.douban.com/subject/33440237/
小说,https://book.douban.com/subject/30316475/
小说,https://book.douban.com/subject/27179937/
小说,https://book.douban.com/subject/1760432/
小说,https://book.douban.com/subject/25882276/
小说,https://book.douban.com/subject/1002299/
小说,https://book.douban.com/subject/34826113/
小说,https://book.douban.com/subject/25796049/
小说,https://book.douban.com/subject/35268450/
小说,https://book.douban.com/subject/10763902/
小说,https://book.douban.com/subject/3826899/
小说,https://book.douban.com/subject/35083558/
小说,https://book.douban.com/subject/34969942/
小说,https://book.douban.com/subject/1029553/
小说,https://book.douban.com/subject/10757939/
小说,https://book.douban.com/subject/26897469/
小说,https://book.douban.com/subject/34911983/
小说,https://book.douban.com/subject/1398395/
小说,https://book.douban.com/subject/35479856/
小说,https://book.douban.com/subject/35217834/
小说,https://book.douban.com/subject/10740776/
小说,https://book.douban.com/subject/35523879/
小说,https://book.douban.com/subject/35658390/
小说,https://book.douban.com/subject/35397446/
小说,https://book.douban.com/subject/26877943/
小说,https://book.douban.com/subject/35272698/
小说,https://book.douban.com/subject/35017678/
小说,https://book.douban.com/subject/35425635/
小说,https://book.douban.com/subject/35425712/
小说,https://book.douban.com/subject/1085470/
小说,https://book.douban.com/subject/3057333/
小说,https://book.douban.com/subject/35314181/
小说,https://book.douban.com/subject/26681984/
小说,https://book.douban.com/subject/26986888/
小说,https://book.douban.com/subject/35392762/
小说,https://book.douban.com/subject/35023731/
小说,https://book.douban.com/subject/35680662/
小说,https://book.douban.com/subject/1481311/
小说,https://book.douban.com/subject/26651926/
小说,https://book.douban.com/subject/26264967/
小说,https://book.douban.com/subject/35096293/
小说,https://book.douban.com/subject/5063806/
小说,https://book.douban.com/subject/35081921/
小说,https://book.douban.com/subject/33383582/
小说,https://book.douban.com/subject/27102207/
小说,https://book.douban.com/subject/3406401/
小说,https://book.douban.com/subject/1060852/
小说,https://book.douban.com/subject/10794792/
小说,https://book.douban.com/subject/35638047/
小说,https://book.douban.com/subject/20501761/
小说,https://book.douban.com/subject/2159042/
小说,https://book.douban.com/subject/10555535/
小说,https://book.douban.com/subject/35197299/
小说,https://book.douban.com/subject/25900384/
小说,https://book.douban.com/subject/28659562/
小说,https://book.douban.com/subject/21979017/
小说,https://book.douban.com/subject/27098887/
小说,https://book.douban.com/subject/35668915/
小说,https://book.douban.com/subject/35542656/
小说,https://book.douban.com/subject/4881639/
小说,https://book.douban.com/subject/35291994/
小说,https://book.douban.com/subject/2035171/
小说,https://book.douban.com/subject/1036274/
小说,https://book.douban.com/subject/30140436/
小说,https://book.douban.com/subject/25714176/
小说,https://book.douban.com/subject/35296788/
小说,https://book.douban.com/subject/25737043/
小说,https://book.douban.com/subject/34954108/
小说,https://book.douban.com/subject/35620039/
小说,https://book.douban.com/subject/35114057/
小说,https://book.douban.com/subject/34467283/
小说,https://book.douban.com/subject/26348596/
小说,https://book.douban.com/subject/3815125/
小说,https://book.douban.com/subject/1465007/
小说,https://book.douban.com/subject/25887921/
小说,https://book.douban.com/subject/35292270/
小说,https://book.douban.com/subject/35596480/
小说,https://book.douban.com/subject/35623236/
小说,https://book.douban.com/subject/35632288/
小说,https://book.douban.com/subject/3523041/
小说,https://book.douban.com/subject/25826936/
小说,https://book.douban.com/subject/1859108/
小说,https://book.douban.com/subject/4882159/
小说,https://book.douban.com/subject/26905155/
小说,https://book.douban.com/subject/35166857/
小说,https://book.douban.com/subject/35563164/
小说,https://book.douban.com/subject/19995918/
小说,https://book.douban.com/subject/35578815/
小说,https://book.douban.com/subject/33395266/
小说,https://book.douban.com/subject/35355556/
小说,https://book.douban.com/subject/27113801/
小说,https://book.douban.com/subject/28171580/
小说,https://book.douban.com/subject/26734559/
小说,https://book.douban.com/subject/30144098/
小说,https://book.douban.com/subject/34998167/
小说,https://book.douban.com/subject/30163860/
小说,https://book.douban.com/subject/26896878/
小说,https://book.douban.com/subject/26253699/
小说,https://book.douban.com/subject/26925171/
小说,https://book.douban.com/subject/2284311/
小说,https://book.douban.com/subject/27200261/
小说,https://book.douban.com/subject/35358050/
小说,https://book.douban.com/subject/24153048/
小说,https://book.douban.com/subject/26220767/
小说,https://book.douban.com/subject/4908883/
小说,https://book.douban.com/subject/26276775/
小说,https://book.douban.com/subject/30471298/
小说,https://book.douban.com/subject/1083477/
小说,https://book.douban.com/subject/1008357/
小说,https://book.douban.com/subject/26704404/
小说,https://book.douban.com/subject/1025753/
小说,https://book.douban.com/subject/26598807/
小说,https://book.douban.com/subject/26877993/
小说,https://book.douban.com/subject/34808043/
小说,https://book.douban.com/subject/2046977/
小说,https://book.douban.com/subject/34429608/
小说,https://book.douban.com/subject/25837845/
小说,https://book.douban.com/subject/6800379/
小说,https://book.douban.com/subject/35650440/
小说,https://book.douban.com/subject/34996662/
小说,https://book.douban.com/subject/27141102/
小说,https://book.douban.com/subject/26253695/
小说,https://book.douban.com/subject/34932098/
小说,https://book.douban.com/subject/10759466/
小说,https://book.douban.com/subject/27070488/
小说,https://book.douban.com/subject/24845582/
小说,https://book.douban.com/subject/26942959/
小说,https://book.douban.com/subject/35489993/
小说,https://book.douban.com/subject/35599941/
小说,https://book.douban.com/subject/26952166/
小说,https://book.douban.com/subject/35099889/
小说,https://book.douban.com/subject/35374447/
小说,https://book.douban.com/subject/35637684/
小说,https://book.douban.com/subject/30276134/
小说,https://book.douban.com/subject/4074636/
小说,https://book.douban.com/subject/35272826/
小说,https://book.douban.com/subject/6973970/
小说,https://book.douban.com/subject/26899538/
小说,https://book.douban.com/subject/26904483/
小说,https://book.douban.com/subject/1872158/
小说,https://book.douban.com/subject/30230525/
小说,https://book.douban.com/subject/35590574/
小说,https://book.douban.com/subject/35594048/
小说,https://book.douban.com/subject/1255624/
小说,https://book.douban.com/subject/35336609/
小说,https://book.douban.com/subject/35218475/
小说,https://book.douban.com/subject/27110733/
小说,https://book.douban.com/subject/34856708/
小说,https://book.douban.com/subject/6811366/
小说,https://book.douban.com/subject/1437488/
小说,https://book.douban.com/subject/35006314/
小说,https://book.douban.com/subject/6313476/
小说,https://book.douban.com/subject/1465324/
小说,https://book.douban.com/subject/26771719/
小说,https://book.douban.com/subject/35434654/
小说,https://book.douban.com/subject/35353441/
小说,https://book.douban.com/subject/27180479/
小说,https://book.douban.com/subject/35571558/
小说,https://book.douban.com/subject/30203786/
小说,https://book.douban.com/subject/35578827/
小说,https://book.douban.com/subject/27194526/
小说,https://book.douban.com/subject/26278433/
小说,https://book.douban.com/subject/35458526/
小说,https://book.douban.com/subject/34953363/
小说,https://book.douban.com/subject/35219411/
小说,https://book.douban.com/subject/5350303/
小说,https://book.douban.com/subject/35234778/
小说,https://book.douban.com/subject/4826530/
小说,https://book.douban.com/subject/35632245/
小说,https://book.douban.com/subject/34461199/
小说,https://book.douban.com/subject/1044547/
小说,https://book.douban.com/subject/33426127/
小说,https://book.douban.com/subject/25697546/
小说,https://book.douban.com/subject/3808982/
小说,https://book.douban.com/subject/27140882/
小说,https://book.douban.com/subject/26639310/
小说,https://book.douban.com/subject/4231381/
小说,https://book.douban.com/subject/34262174/
小说,https://book.douban.com/subject/35051822/
小说,https://book.douban.com/subject/5038409/
小说,https://book.douban.com/subject/30224833/
小说,https://book.douban.com/subject/4010969/
小说,https://book.douban.com/subject/1020961/
小说,https://book.douban.com/subject/1291809/
小说,https://book.douban.com/subject/35644037/
小说,https://book.douban.com/subject/3402999/
小说,https://book.douban.com/subject/35125822/
小说,https://book.douban.com/subject/27132345/
小说,https://book.douban.com/subject/3673771/
小说,https://book.douban.com/subject/35652906/
小说,https://book.douban.com/subject/27010212/
小说,https://book.douban.com/subject/1064841/
小说,https://book.douban.com/subject/26371317/
小说,https://book.douban.com/subject/24934182/
小说,https://book.douban.com/subject/1082349/
小说,https://book.douban.com/subject/26904658/
小说,https://book.douban.com/subject/26265745/
小说,https://book.douban.com/subject/35703195/
小说,https://book.douban.com/subject/35699222/
小说,https://book.douban.com/subject/35309262/
小说,https://book.douban.com/subject/35571619/
小说,https://book.douban.com/subject/26286208/
小说,https://book.douban.com/subject/34937427/
小说,https://book.douban.com/subject/27077957/
小说,https://book.douban.com/subject/35081845/
小说,https://book.douban.com/subject/35089547/
小说,https://book.douban.com/subject/24737009/
小说,https://book.douban.com/subject/35631988/
小说,https://book.douban.com/subject/3389984/
小说,https://book.douban.com/subject/26853361/
小说,https://book.douban.com/subject/30137808/
小说,https://book.douban.com/subject/35653386/
小说,https://book.douban.com/subject/26879595/
小说,https://book.douban.com/subject/35669761/
小说,https://book.douban.com/subject/26920165/
小说,https://book.douban.com/subject/35451204/
小说,https://book.douban.com/subject/25752955/
小说,https://book.douban.com/subject/24714746/
小说,https://book.douban.com/subject/34851297/
小说,https://book.douban.com/subject/1891015/
小说,https://book.douban.com/subject/2115670/
小说,https://book.douban.com/subject/26847527/
小说,https://book.douban.com/subject/25920952/
小说,https://book.douban.com/subject/2379222/
小说,https://book.douban.com/subject/1762096/
小说,https://book.douban.com/subject/1066558/
小说,https://book.douban.com/subject/6967929/
小说,https://book.douban.com/subject/1202226/
小说,https://book.douban.com/subject/2707099/
小说,https://book.douban.com/subject/3393172/
小说,https://book.douban.com/subject/21993088/
小说,https://book.douban.com/subject/4740915/
小说,https://book.douban.com/subject/3194253/
小说,https://book.douban.com/subject/1026824/
小说,https://book.douban.com/subject/1213283/
小说,https://book.douban.com/subject/1089046/
小说,https://book.douban.com/subject/30200857/
小说,https://book.douban.com/subject/10875952/
小说,https://book.douban.com/subject/1916128/
小说,https://book.douban.com/subject/35272817/
小说,https://book.douban.com/subject/27003041/
小说,https://book.douban.com/subject/1481156/
小说,https://book.douban.com/subject/2046812/
小说,https://book.douban.com/subject/34453321/
小说,https://book.douban.com/subject/1833924/
小说,https://book.douban.com/subject/3111270/
小说,https://book.douban.com/subject/1449535/
小说,https://book.douban.com/subject/33376836/
小说,https://book.douban.com/subject/6973805/
小说,https://book.douban.com/subject/26305065/
小说,https://book.douban.com/subject/2970763/
小说,https://book.douban.com/subject/35139965/
小说,https://book.douban.com/subject/26057763/
小说,https://book.douban.com/subject/33805507/
小说,https://book.douban.com/subject/1419092/
小说,https://book.douban.com/subject/3391648/
小说,https://book.douban.com/subject/1351898/
小说,https://book.douban.com/subject/30294605/
小说,https://book.douban.com/subject/2191066/
小说,https://book.douban.com/subject/1193101/
小说,https://book.douban.com/subject/1052091/
小说,https://book.douban.com/subject/1065950/
小说,https://book.douban.com/subject/1174703/
小说,https://book.douban.com/subject/26473283/
小说,https://book.douban.com/subject/27037152/
小说,https://book.douban.com/subject/1996678/
小说,https://book.douban.com/subject/1472275/
小说,https://book.douban.com/subject/3278286/
小说,https://book.douban.com/subject/10488618/
小说,https://book.douban.com/subject/1783390/
小说,https://book.douban.com/subject/3587168/
小说,https://book.douban.com/subject/3293978/
小说,https://book.douban.com/subject/1213284/
小说,https://book.douban.com/subject/2032790/
小说,https://book.douban.com/subject/35406617/
小说,https://book.douban.com/subject/26708684/
小说,https://book.douban.com/subject/26613320/
小说,https://book.douban.com/subject/25796269/
小说,https://book.douban.com/subject/1003115/
小说,https://book.douban.com/subject/1213296/
小说,https://book.douban.com/subject/1096469/
小说,https://book.douban.com/subject/1030831/
小说,https://book.douban.com/subject/1459129/
小说,https://book.douban.com/subject/4733014/
小说,https://book.douban.com/subject/33657453/
小说,https://book.douban.com/subject/4199421/
小说,https://book.douban.com/subject/1768556/
小说,https://book.douban.com/subject/4286510/
小说,https://book.douban.com/subject/3511129/
小说,https://book.douban.com/subject/2213244/
小说,https://book.douban.com/subject/26992554/
小说,https://book.douban.com/subject/30281408/
小说,https://book.douban.com/subject/6529759/
小说,https://book.douban.com/subject/1916155/
小说,https://book.douban.com/subject/26235478/
小说,https://book.douban.com/subject/30485006/
小说,https://book.douban.com/subject/10804439/
小说,https://book.douban.com/subject/27139766/
小说,https://book.douban.com/subject/1077234/
小说,https://book.douban.com/subject/1962907/
小说,https://book.douban.com/subject/2268686/
小说,https://book.douban.com/subject/1093809/
小说,https://book.douban.com/subject/25662133/
小说,https://book.douban.com/subject/2154097/
小说,https://book.douban.com/subject/26772701/
小说,https://book.douban.com/subject/1575897/
小说,https://book.douban.com/subject/1962924/
小说,https://book.douban.com/subject/1434037/
小说,https://book.douban.com/subject/1584745/
小说,https://book.douban.com/subject/1987951/
小说,https://book.douban.com/subject/3810700/
小说,https://book.douban.com/subject/26960786/
小说,https://book.douban.com/subject/1031244/
小说,https://book.douban.com/subject/23860530/
小说,https://book.douban.com/subject/30166162/
小说,https://book.douban.com/subject/27176305/
小说,https://book.douban.com/subject/5245233/
小说,https://book.douban.com/subject/1199423/
小说,https://book.douban.com/subject/34908576/
小说,https://book.douban.com/subject/3399482/
小说,https://book.douban.com/subject/4018798/
小说,https://book.douban.com/subject/1859876/
小说,https://book.douban.com/subject/10447495/
小说,https://book.douban.com/subject/30294602/
小说,https://book.douban.com/subject/1925241/
小说,https://book.douban.com/subject/2080914/
小说,https://book.douban.com/subject/35139963/
小说,https://book.douban.com/subject/30294371/
小说,https://book.douban.com/subject/26581332/
小说,https://book.douban.com/subject/1886900/
小说,https://book.douban.com/subject/7047202/
小说,https://book.douban.com/subject/2993465/
小说,https://book.douban.com/subject/1735180/
小说,https://book.douban.com/subject/26705854/
小说,https://book.douban.com/subject/20309593/
小说,https://book.douban.com/subject/10488616/
小说,https://book.douban.com/subject/2379319/
小说,https://book.douban.com/subject/35567104/
小说,https://book.douban.com/subject/26238361/
小说,https://book.douban.com/subject/4811917/
小说,https://book.douban.com/subject/1074570/
小说,https://book.douban.com/subject/3025618/
小说,https://book.douban.com/subject/1041267/
小说,https://book.douban.com/subject/2303902/
小说,https://book.douban.com/subject/2161700/
小说,https://book.douban.com/subject/1211967/
小说,https://book.douban.com/subject/10546888/
小说,https://book.douban.com/subject/30137808/
小说,https://book.douban.com/subject/1337299/
小说,https://book.douban.com/subject/1196048/
小说,https://book.douban.com/subject/1961808/
小说,https://book.douban.com/subject/2261413/
小说,https://book.douban.com/subject/1449418/
小说,https://book.douban.com/subject/7564734/
小说,https://book.douban.com/subject/26413631/
小说,https://book.douban.com/subject/35219434/
小说,https://book.douban.com/subject/7000672/
小说,https://book.douban.com/subject/1012268/
小说,https://book.douban.com/subject/35139966/
小说,https://book.douban.com/subject/30197345/
小说,https://book.douban.com/subject/3919631/
小说,https://book.douban.com/subject/1073778/
小说,https://book.douban.com/subject/26381048/
小说,https://book.douban.com/subject/1205283/
小说,https://book.douban.com/subject/30419213/
小说,https://book.douban.com/subject/25891880/
小说,https://book.douban.com/subject/3810697/
小说,https://book.douban.com/subject/30309482/
小说,https://book.douban.com/subject/19982769/
小说,https://book.douban.com/subject/1767750/
小说,https://book.douban.com/subject/26845007/
小说,https://book.douban.com/subject/1705455/
小说,https://book.douban.com/subject/30354745/
小说,https://book.douban.com/subject/34836845/
小说,https://book.douban.com/subject/26787222/
小说,https://book.douban.com/subject/1818722/
小说,https://book.douban.com/subject/1225533/
小说,https://book.douban.com/subject/27604025/
小说,https://book.douban.com/subject/2062998/
小说,https://book.douban.com/subject/1351896/
小说,https://book.douban.com/subject/10488617/
小说,https://book.douban.com/subject/1479771/
小说,https://book.douban.com/subject/1705914/
小说,https://book.douban.com/subject/3388806/
小说,https://book.douban.com/subject/1093094/
小说,https://book.douban.com/subject/26893672/
小说,https://book.douban.com/subject/3690082/
小说,https://book.douban.com/subject/1393889/
小说,https://book.douban.com/subject/35063046/
小说,https://book.douban.com/subject/1858576/
小说,https://book.douban.com/subject/1870606/
小说,https://book.douban.com/subject/1053565/
小说,https://book.douban.com/subject/1824613/
小说,https://book.douban.com/subject/1876799/
小说,https://book.douban.com/subject/1207811/
小说,https://book.douban.com/subject/1644010/
小说,https://book.douban.com/subject/1091224/
小说,https://book.douban.com/subject/1963728/
小说,https://book.douban.com/subject/1441931/
小说,https://book.douban.com/subject/1020080/
小说,https://book.douban.com/subject/1785397/
小说,https://book.douban.com/subject/1456407/
小说,https://book.douban.com/subject/5406563/
小说,https://book.douban.com/subject/3154624/
小说,https://book.douban.com/subject/1291201/
小说,https://book.douban.com/subject/5252607/
小说,https://book.douban.com/subject/26924022/
小说,https://book.douban.com/subject/35271459/
小说,https://book.douban.com/subject/34867106/
小说,https://book.douban.com/subject/26930453/
小说,https://book.douban.com/subject/25868453/
小说,https://book.douban.com/subject/2214421/
小说,https://book.douban.com/subject/26351541/
小说,https://book.douban.com/subject/27149646/
小说,https://book.douban.com/subject/30323772/
小说,https://book.douban.com/subject/27609033/
小说,https://book.douban.com/subject/1441899/
